{"cameraMode":{"drawMode":0,"name":"Shaded","section":"Shading Mode"},"sceneLighting":false,"audioPlay":false,"sceneViewState":{"m_AlwaysRefresh":false,"showFog":true,"showSkybox":false,"showFlares":true,"showImageEffects":true,"showParticleSystems":true,"showVisualEffectGraphs":true,"m_FxEnabled":true},"in2DMode":false,"pivot":{"x":-2.980232238769531e-7,"y":0.8641372323036194,"z":-0.024571284651756288},"rotation":{"x":-0.1679786741733551,"y":-0.21055935323238374,"z":0.03675282001495361,"w":-0.9623470306396484},"size":1.4383130073547364,"orthographic":false}