{"cameraMode":{"drawMode":0,"name":"Shaded","section":"Shading Mode"},"sceneLighting":false,"audioPlay":false,"sceneViewState":{"m_AlwaysRefresh":false,"showFog":false,"showSkybox":false,"showFlares":false,"showImageEffects":false,"showParticleSystems":false,"showVisualEffectGraphs":true,"m_FxEnabled":true},"in2DMode":false,"pivot":{"x":-0.08935952186584473,"y":0.9882988333702087,"z":0.04229317605495453},"rotation":{"x":-0.39631161093711855,"y":0.4655507206916809,"z":-0.24525322020053864,"w":-0.7524185180664063},"size":1.9859778881072999,"orthographic":false}